csi_index,ltf_block,ltf_local_index,stable_mean,empty_mean,mean_abs_difference,stable_std,empty_std,stable_median,empty_median,stable_iqr,empty_iqr,stable_frame_diff,empty_frame_diff,effect_score
0,LLTF,0,49.64876634922178,49.64876634922122,5.613287612504791e-13,3.858247055177344e-12,4.419575816427823e-12,49.64876634922564,49.64876634922564,0.0,0.0,0.0,0.0,0.1353115692219785
1,LLTF,1,2.0,2.0,0.0,0.0,0.0,2.0,2.0,0.0,0.0,0.0,0.0,0.0
2,LLTF,2,0.0,0.0,0.0,0.0,0.0,0.0,0.0,0.0,0.0,0.0,0.0,0.0
3,LLTF,3,0.0,0.0,0.0,0.0,0.0,0.0,0.0,0.0,0.0,0.0,0.0,0.0
4,LLTF,4,0.0,0.0,0.0,0.0,0.0,0.0,0.0,0.0,0.0,0.0,0.0,0.0
5,LLTF,5,4.327274922437279,4.309684075572455,0.017590846864823817,0.8751203671986219,1.1894556067190778,4.47213595499958,4.47213595499958,1.0,1.0990195135927845,0.8746243687316232,1.2277093029675221,0.0168465016578125
6,LLTF,6,17.11508925483245,17.278245143289045,0.16315588845659335,2.7496246409805245,4.296372142022581,17.69180601295413,18.973665961010276,1.384776310850235,1.9550766914343676,2.0902273157871836,3.845698819869774,0.045234559936354175
7,LLTF,7,17.406109867823318,17.382278705099612,0.023831162723706,2.8120122812695443,4.318293245825141,18.027756377319946,19.026297590440446,1.3964247036530217,1.8932217888273506,2.08902904172745,3.8328777709158794,0.006540131908125829
8,LLTF,8,17.91825749119862,17.66970358166415,0.24855390953446843,2.947147684697928,4.3433716050120035,18.439088914585774,19.209372712298546,1.3004793597779418,1.972243622680054,2.147861882039712,3.850611333221289,0.06696847503694509
9,LLTF,9,18.262688549510855,17.741097252831224,0.521591296679631,2.9879895385216613,4.356727010962578,18.867962264113206,19.235384061671343,1.3887314616276534,1.9142141182259529,2.174747913828384,3.870282562877493,0.13962783867841785
10,LLTF,10,17.816343244271344,17.031213038078832,0.7851302061925125,2.8730292664975825,4.232150216138241,18.384776310850235,18.439088914585774,1.306252443771097,1.7711348650983645,2.0971029581841667,3.769625991914309,0.21706662617466801
11,LLTF,11,17.635278487297136,16.653981537431,0.9812969498661346,2.8713652943053347,4.128676111164147,18.110770276274835,18.110770276274835,1.4037130675402274,1.8385758981868037,2.10093209461621,3.69544443257736,0.275952909967746
12,LLTF,12,17.526673328924225,16.314806812551314,1.2118665163729112,2.887950963325314,4.035131055376001,18.027756377319946,17.72004514666935,1.5256177264238673,1.7957719374925354,2.1357055731369328,3.6189175033560956,0.34538488537624806
13,LLTF,13,17.186203427502722,15.830947721875498,1.3552557056272239,2.8479458408367826,3.9038242469013915,17.72004514666935,17.204650534085253,1.4390889145857741,1.9032408807228478,2.137407733440079,3.5010261888836403,0.3966311826150555
14,LLTF,14,16.898231118867276,15.315354692211589,1.5828764266556874,2.7961107341909264,3.7734593768725517,17.46424919657298,16.55294535724685,1.264701763079735,1.6421771498187603,2.0477845142380993,3.4014916646380366,0.47663564123519486
15,LLTF,15,17.03383824387737,15.21949321828068,1.8143450255966886,2.862761368314046,3.748412278792052,17.4928556845359,16.492422502470642,1.248287590894659,1.4967434168103821,2.068049132332331,3.365648686444104,0.5440125722412883
16,LLTF,16,18.142152046499874,15.972403134821638,2.1697489116782354,3.118294122766348,3.9419333187368637,18.681541692269406,17.26267650163207,1.2854515385080205,1.74893578122024,2.2017734629308676,3.5171028173587278,0.6104997410591938
17,LLTF,17,18.818898866222273,16.36888882450051,2.4500100417217645,3.255419166556955,4.051470812689565,19.313207915827967,17.804493814764857,1.343442702231382,1.676034300345563,2.21146359793684,3.6052025975799316,0.6666580498078737
18,LLTF,18,18.72755806493577,16.0684568230432,2.6591012418925715,3.1941148480402792,3.963963473616624,19.235384061671343,17.46424919657298,1.398924762261725,1.5353338748493037,2.2070200939567854,3.5149542760377,0.7387051262935797
19,LLTF,19,18.520535745130807,15.730645908127256,2.7898898370035514,3.0466688592119175,3.8885151156867908,19.1049731745428,17.029386365926403,1.3655231726302013,1.7640283234012202,2.2095200200339598,3.478298781048085,0.7986982776816117
20,LLTF,20,18.64549442720073,15.645530301508085,2.999964125692646,3.026994588171316,3.8667123885201624,19.235384061671343,17.0,1.4857699305855014,1.5955296500722511,2.2148324886818718,3.466746172793062,0.8639626774824815
21,LLTF,21,19.201520212575797,15.906780304998756,3.294739907577041,3.168187949598756,3.9307625078509814,19.849433241279208,17.204650534085253,1.5649626915335553,1.8722619559164357,2.3068441352990683,3.512211699988295,0.9229233298167353
22,LLTF,22,18.755630954631798,15.39832267372936,3.357308280902437,3.0655082293145455,3.8126053106871813,19.235384061671343,16.76305461424021,1.4239091567625124,1.8117733540744503,2.2295586265440632,3.413882108526525,0.9705209787852793
23,LLTF,23,17.837421806387084,14.505463999912962,3.331957806474122,2.842254883244764,3.629712896403474,18.384776310850235,15.652475842498529,1.3849280278734497,1.6263537551521363,2.135306017225825,3.273144479906176,1.0221203498690632
24,LLTF,24,17.997709689979686,14.513105849019144,3.484603840960542,2.887045018881527,3.6168673794741792,18.439088914585774,15.652475842498529,1.3208288923002272,1.6263537551521363,2.175834752472865,3.2738072500207354,1.0648576083329713
25,LLTF,25,18.381087193220427,14.761943545610155,3.6191436476102723,2.9541431936379734,3.6727305315780634,19.0,16.0312195418814,1.5361124281136647,1.6303086638186546,2.2375040133024133,3.3228764237373283,1.08589729152979
26,LLTF,26,18.30403179832952,14.6305083932197,3.6735234051098224,2.923448779622393,3.6433495814561137,18.973665961010276,15.811388300841896,1.3887314616276534,1.5196489788739402,2.2271489772387203,3.2823765177935185,1.1121541149541616
27,LLTF,27,17.896074998888448,14.248943793139828,3.64713120574862,2.8370020823008066,3.5302471050710533,18.384776310850235,15.297058540778355,1.3849280278734497,1.359692436363698,2.157255198731438,3.1647029047156554,1.1388606336981035
28,LLTF,28,17.845779156754087,14.152321604760091,3.693457551993996,2.8383789512073085,3.503417728484519,18.384776310850235,15.264337522473747,1.4131671615886674,1.5642957180360622,2.138280933334094,3.1526586334697,1.1584462467548353
29,LLTF,29,19.163009888532606,15.130286238804985,4.032723649727622,3.175391480211315,3.710848576484716,19.79898987322333,16.278820596099706,1.396078054371138,1.5316583045310157,2.2921296599016374,3.3268994744145934,1.1677162647991703
30,LLTF,30,20.518057633357074,16.178700009389097,4.339357623967977,3.4425025590946077,3.9580999310943494,21.18962010041709,17.4928556845359,1.683255468144722,1.6049706138014201,2.421198241300805,3.5196406836666956,1.169868128034573
31,LLTF,31,20.93836294797486,16.557181553994152,4.381181393980707,3.445181330794587,4.082642996108714,21.587033144922902,18.027756377319946,1.5520277283130852,1.6815416922694055,2.4743400238058824,3.6347454399467165,1.1598456177987106
32,LLTF,32,10.298352304886185,8.133267703349803,2.165084601536382,1.7649286146396872,2.034484988556335,10.63014581273465,8.94427190999916,1.180339887498949,1.157286708994338,1.418022157982272,1.9336026299323459,1.1368365674244352
33,LLTF,33,20.63938737847311,16.225861191243155,4.413526187229955,3.4355970394852537,3.9930747917094567,21.213203435596427,17.69180601295413,1.5044310168620463,1.7414593337569961,2.4273801073493515,3.542609240552696,1.1849092002086399
34,LLTF,34,21.596468716262216,16.958139736254374,4.6383289800078416,3.563539258973143,4.191111530631542,22.20360331117452,18.384776310850235,1.6441705400107267,1.7451235157255667,2.5348032035382997,3.7127558842559565,1.1923719385763516
35,LLTF,35,22.1619796667693,17.407910555718054,4.754069111051248,3.6432184965408045,4.262331671893302,22.847319317591726,18.973665961010276,1.6008474424118937,1.8091717835938894,2.611312003903114,3.793713281856617,1.1990455504248845
36,LLTF,36,21.503825929558325,16.823559137075787,4.680266792482538,3.4986620932748664,4.118882040233338,22.20360331117452,18.35755975068582,1.7867965644035735,1.821647056355193,2.4986720148097556,3.6579155996685535,1.2247596315837268
37,LLTF,37,21.039449497776868,16.427326538034265,4.612122959742603,3.394109325676064,4.025932853444512,21.840329667841555,17.88854381999832,1.4800667571767967,1.4390889145857741,2.4604337472240947,3.576739861239882,1.2386702693792404
38,LLTF,38,21.18267371639353,16.54018993412555,4.6424837822679805,3.408186678989849,4.068851427756073,21.95449840010015,18.027756377319946,1.5372323037283167,1.6521553263430029,2.48799675114184,3.619823103564603,1.2369781787996863
39,LLTF,39,20.85407712733289,16.268000301270792,4.586076826062097,3.3612308863451053,3.9817412062492057,21.540659228538015,17.69180601295413,1.5880751830862145,1.5945051364456084,2.4246225325327133,3.539081372078507,1.2446702884488143
40,LLTF,40,20.58351691083416,16.071782398360657,4.511734512473502,3.3085784500312756,3.9234651450082136,21.213203435596427,17.46424919657298,1.7060416687835627,1.6183477738041923,2.396576124080466,3.4780105703413047,1.2432212419946118
41,LLTF,41,20.625593661079233,16.14867889575352,4.476914765325713,3.2546045387580698,3.9453474583253514,21.2602916254693,17.4928556845359,1.626637491174101,1.6953422336478106,2.3940868578258256,3.4878630673795823,1.2379119419507412
42,LLTF,42,20.993969619672956,16.535727199163812,4.458242420509144,3.2626014193499357,4.052241360016228,21.840329667841555,18.027756377319946,1.5520277283130852,1.6815416922694055,2.4594418235674778,3.6109202521948873,1.2119168736553174
43,LLTF,43,21.39572997667895,16.86718705500583,4.528542921673122,3.2743057658746566,4.118699915604006,22.135943621178654,18.35755975068582,1.752296207862738,1.987730405919109,2.492115027590388,3.6618305618312386,1.217175067971513
44,LLTF,44,20.895085613693375,16.523787760650098,4.371297853043277,3.1627167546644936,4.039866193883368,21.540659228538015,18.0,1.7451516469095942,1.6815416922694055,2.4557867272073826,3.6139108854605824,1.2049118141520234
45,LLTF,45,20.696934758943666,16.363463660374897,4.3334710985687686,3.14542813497671,3.990448021400693,21.37755832643195,17.72004514666935,1.4994617524005207,1.676034300345563,2.4199405473378346,3.595405065575282,1.206131624332147
46,LLTF,46,20.884700535393478,16.539857774773928,4.344842760619549,3.183088291992568,4.045256460856236,21.540659228538015,18.027756377319946,1.7451516469095942,1.7882942280559355,2.4653973726173395,3.6269727650022907,1.1937067990792032
47,LLTF,47,21.228585481469292,16.812290865045494,4.416294616423798,3.2466445588300186,4.103937250359944,22.0,18.35755975068582,1.7797124603541192,2.0169656839077383,2.487218898518317,3.6477668395249845,1.1935277142904963
48,LLTF,48,21.981725432912736,17.472264821373795,4.509460611538941,3.4331869774736683,4.249507623556924,22.80350850198276,19.026297590440446,1.776092168655314,1.9185891085511635,2.5553125852945535,3.7682478133327586,1.167355583255518
49,LLTF,49,21.77363553544752,17.295695098515964,4.477940436931558,3.3996872003569987,4.2210633243698625,22.47220505424423,18.867962264113206,1.788496145642128,1.9550766914343676,2.524179634366279,3.764042792768014,1.1684295574350887
50,LLTF,50,20.910061202593734,16.58230088191091,4.327760320682824,3.189750234023808,4.050957406133492,21.587033144922902,18.027756377319946,1.7451516469095942,1.7882942280559355,2.4196164788761783,3.6189552519721615,1.1870303044476536
51,LLTF,51,19.998592590427297,15.830176335852764,4.168416254574533,3.0202305470111814,3.843769017026592,20.615528128088304,17.204650534085253,1.5975451906854445,1.8754845034029017,2.3528951343235645,3.4491611075600273,1.2059249142555277
52,LLTF,52,19.148313770971644,15.09077352385466,4.057540247116984,2.873889072321738,3.6432306221190665,19.849433241279208,16.278820596099706,1.5446185676729165,1.7909489498567055,2.263631379237205,3.2671618238345435,1.2366076810701858
53,LLTF,53,18.645988320255814,14.660930084416586,3.9850582358392277,2.7887818241544764,3.576373817860755,19.235384061671343,16.0312195418814,1.615223689149765,1.7772482297747327,2.193046118309173,3.2230747771743635,1.2426712140514686
54,LLTF,54,18.07469475389515,14.114542694103433,3.960152059791719,2.729986543500033,3.4586006736011385,18.681541692269406,15.264337522473747,1.4246640958296481,1.7133984786050451,2.167629022899085,3.11168400342107,1.2710452525855391
55,LLTF,55,17.98105067192512,13.959661450058283,4.021389221866839,2.7214281135482454,3.4300846737670905,18.439088914585774,15.132745950421556,1.4308902469064861,1.6692526771109453,2.1438051414925474,3.1083944729464412,1.2988570039197074
56,LLTF,56,18.217830258013894,14.015272353406544,4.20255790460735,2.7407604239098244,3.446543212059803,18.867962264113206,15.231546211727817,1.3887314616276534,1.8185491383295034,2.195175936423564,3.1142477331784177,1.3496930399385079
57,LLTF,57,17.55899151551441,13.373292692017637,4.185698823496773,2.575947785768098,3.235052530691107,18.110770276274835,14.317821063276353,1.663311730027953,1.6300757029923734,2.087399586186713,2.935379678321725,1.4314339315018347
58,LLTF,58,17.027242754789356,12.96554411470421,4.061698640085146,2.4619121734046057,3.1356550517247777,17.4928556845359,14.035668847618199,1.2777248424175198,1.8276639369132077,2.0413098240179517,2.8705291501054235,1.4408376606211935
59,LLTF,59,4.336088502800324,3.328825976935643,1.007262525864681,0.827455956140661,0.8983444986789472,4.47213595499958,3.605551275463989,1.0,1.1231056256176606,0.8732347416338765,0.966355573049007,1.166315446949271
60,LLTF,60,0.0,0.0,0.0,0.0,0.0,0.0,0.0,0.0,0.0,0.0,0.0,0.0
61,LLTF,61,0.0,0.0,0.0,0.0,0.0,0.0,0.0,0.0,0.0,0.0,0.0,0.0
62,LLTF,62,0.0,0.0,0.0,0.0,0.0,0.0,0.0,0.0,0.0,0.0,0.0,0.0
63,LLTF,63,0.0,0.0,0.0,0.0,0.0,0.0,0.0,0.0,0.0,0.0,0.0,0.0
64,HT-LTF,0,1.4158524311869307,1.5769154530540994,0.1610630218671687,0.11189532916495533,0.5860835806337913,1.4142135623730951,1.4142135623730951,0.0,0.0,0.026215587783981645,0.3287964017469535,0.3817481845843659
65,HT-LTF,1,4.4580507553738915,5.442711623369224,0.9846608679953324,0.858509216641117,1.7781645639495016,4.47213595499958,5.0,1.0,1.4142135623730958,0.9286745448891128,1.7035697875977813,0.7052290965051118
66,HT-LTF,2,34.813312569502976,40.97437930434896,6.161066734845981,3.562471265488631,6.650410286493576,34.48187929913333,39.20459156782532,2.1534563391522212,1.9868443825035769,2.94482641317073,6.073789164984584,1.1548928042640576
67,HT-LTF,3,35.37077743563945,41.31447021832238,5.94369278268293,3.6276643473351213,6.567212142306968,35.11409973215888,39.59797974644666,2.0433107078121537,1.9608441568429242,2.9338979850364475,5.970664862691276,1.1203728565942392
68,HT-LTF,4,35.74677204250238,41.18435255755011,5.437580515047735,3.60012617384298,6.476921723628044,35.4400902933387,39.395431207184416,2.030079111012732,1.6935968156660692,2.910543807735818,5.856358597479769,1.0377418885310776
69,HT-LTF,5,35.09250632299615,39.89113274747586,4.798626424479707,3.5356570562172442,6.470190782639816,34.785054261852174,38.0,1.6304470705591356,1.7330960564441042,2.8361981902953968,5.809292907315996,0.9203971816907704
70,HT-LTF,6,34.346666724582136,38.50047731750926,4.1538105929271225,3.461947818276326,6.3399935750275915,34.0147027033899,36.68787265568828,1.9848519615616453,2.003017054792032,2.901406270001843,5.763536521496786,0.8132183091569499
71,HT-LTF,7,34.80284020912224,38.54530937059348,3.7424691614712415,3.498411302860929,6.332843973425824,34.46011500728923,36.71511950137164,2.081960415214837,1.9588368882297758,2.927561699395795,5.77519404913936,0.7315442942522619
72,HT-LTF,8,35.285774413648184,38.50223362203454,3.216459208386354,3.5591095179124563,6.215414717741967,34.9857113690718,36.76955262170047,1.9615206450782026,1.9610168795302556,2.9580145056719593,5.685908010320223,0.6350970818062477
73,HT-LTF,9,35.35547309240222,38.033961097678414,2.6784880052761935,3.5748875933964874,6.147457246174484,35.014282800023196,36.24913792078372,2.058032518038921,1.9877582242397196,2.972487691629984,5.613611748901957,0.5326644464743562
74,HT-LTF,10,34.25547389185303,36.33672459683142,2.0812507049783875,3.4532405169903186,5.949018851197829,33.97057550292606,34.655446902326915,2.034729986348907,2.0083923967068316,2.8974871189968874,5.428092212034465,0.4278945769106155
75,HT-LTF,11,33.537698522903106,35.09948773121726,1.5617892083141527,3.4014446573987143,5.811405553714588,33.24154027718932,33.301651610693426,1.9917789717756307,2.093609817730041,2.863526186714193,5.3115249644145175,0.32800905478037773
76,HT-LTF,12,33.43350083380228,34.53666053415394,1.1031597003516609,3.4177078273591004,5.705444310443429,33.06055050963308,32.802438933713454,2.0431515446885626,2.152660464765173,2.8857682019727684,5.226277778051623,0.23457464312321372
77,HT-LTF,13,33.41954689341563,34.02759243838637,0.6080455449707429,3.41873660546522,5.610040333374586,33.06055050963308,32.31098884280702,2.0431515446885626,2.2201001357651933,2.8734487445848327,5.1522830219389935,0.1308907084399456
78,HT-LTF,14,33.79029632969624,33.8813919167907,0.09109558709445764,3.44632101869041,5.479957315632131,33.37663853655727,32.28002478313795,2.1273618726381045,2.135639832930657,2.9076478943788655,5.055346651641216,0.019900717565936372
79,HT-LTF,15,34.354835128324396,34.02468364859152,0.3301514797328764,3.5075181224678698,5.618519142955113,34.0147027033899,32.4191154802896,2.0151549950587153,2.055719009825623,2.9638165122115847,5.141823964013003,0.07049239192991148
80,HT-LTF,16,35.42946065033846,34.66390383162548,0.7655568187129802,3.629775991115701,5.881772075593735,35.05709628591621,32.89376840679705,2.069377593742864,2.0587727318528053,3.0368032664386044,5.348139022564479,0.15664352889219865
81,HT-LTF,17,36.51220582204052,35.207113875274906,1.3050919467656144,3.757350409203324,5.8423273352636995,36.131702867781094,33.52610922848042,2.1214223865411697,1.9677118110647243,3.103890055520025,5.307886133893052,0.2657084280207703
82,HT-LTF,18,36.821744911050025,34.9559561214852,1.8657887895648244,3.75259642572518,5.578685687193954,36.40054944640259,33.301651610693426,2.1421355338380437,2.085655771741216,3.1034928198886824,5.102921662339154,0.39245549857645873
83,HT-LTF,19,36.154980467073734,34.01782038798575,2.137160079087984,3.655411997577742,5.703506400590756,35.84689665786984,32.31098884280702,2.1472270500346013,1.9816822691894203,3.0779416111389932,5.173102334750383,0.4461526263383875
84,HT-LTF,20,36.11471711269402,33.661178840375264,2.4535382723187524,3.626381061668053,5.861711006797098,35.805027579936315,31.906112267087632,2.2365171344213124,2.0151480384383547,3.0759583327078936,5.275245914831646,0.5034008780627715
85,HT-LTF,21,37.68348785294809,34.62117078304116,3.062317069906932,3.807758353615297,5.747578238633425,37.33630940518894,32.89376840679705,2.202752057096717,2.1056821145118896,3.2086611982349704,5.217820022548809,0.6281515520966745
86,HT-LTF,22,37.81897495454268,34.30059434017991,3.518380614362769,3.8458829993268786,5.485599100120908,37.48332962798263,32.69556544854363,2.2492275707930176,2.1910933441621125,3.2579679333165017,5.029406605721453,0.742709104782451
87,HT-LTF,23,35.630869648967185,32.11015173305123,3.5207179159159523,3.592656359692645,5.377275377727371,35.34826657673598,30.479501308256342,2.1765691321340697,2.093130481216992,3.0812219948238337,4.901214144609807,0.7699143713322261
88,HT-LTF,24,35.07193966700412,31.39049010403842,3.681449562965703,3.541713475266662,5.361527381486548,34.785054261852174,29.832867780352597,2.1941171079144297,2.0424802192490894,3.0279182558780637,4.875581762698944,0.8102386113592972
89,HT-LTF,25,36.00327996327583,32.01833198498197,3.98494797829386,3.642663577337403,5.328896456910738,35.73513677041127,30.479501308256342,2.249521940243156,1.9897545965096803,3.1110634978121405,4.88340214952776,0.8730639253985882
90,HT-LTF,26,36.26493610275486,32.121453389519786,4.143482713235073,3.6484060941336898,5.327411505566617,36.05551275463989,30.59411708155671,2.2868900845804347,1.870990815748364,3.1109255898023287,4.870964833094869,0.9075137734629416
91,HT-LTF,27,36.19128692656806,31.933031282131996,4.2582556444360655,3.6362227534208444,5.340160282066878,36.013886210738214,30.4138126514911,2.2227309268446334,1.8940693452915731,3.1108235993025377,4.866349386257271,0.9321235559858875
92,HT-LTF,28,36.49361949881049,32.128121212856605,4.365498285953883,3.7089521811382573,5.433828153991628,36.22154055254967,30.479501308256342,2.192923993395212,1.8540635308268492,3.152617548086194,4.937547020214332,0.938406640275393
93,HT-LTF,29,38.04679120805326,33.4039052525149,4.642885955538354,3.884800995007895,5.617164876897951,37.73592452822641,31.78049716414141,2.3421988582437905,1.950835106819671,3.2902276451025867,5.093683084828504,0.9613999524021445
94,HT-LTF,30,39.99973213225342,35.055841468080665,4.943890664172756,4.085324899262883,5.878771777777059,39.698866482558415,33.28663395418648,2.4309464560859624,2.085655771741216,3.42954314372065,5.3229772333073875,0.9766469780211741
95,HT-LTF,31,40.75621718707596,35.663029509432334,5.093187677643627,4.1563254255118585,5.930933005532212,40.44749683231337,33.95585369269929,2.3876646827065855,1.9848519615616453,3.45856318426788,5.353723044413679,0.9945526083922512
96,HT-LTF,32,41.03598712770035,35.927759089057126,5.108228038643226,4.187749258264145,6.2523786003080035,40.80441152620633,34.0,2.323538684592627,1.929470512948626,3.4436967591653644,5.58219836038078,0.9599839669886915
97,HT-LTF,33,38.55509674931496,33.68275628523778,4.872340464077183,3.927184784758363,5.74814096964132,38.2099463490856,31.953090617340916,2.3391652730836086,2.072640930838343,3.3443520991960956,5.194657447133563,0.9897908246765029
98,HT-LTF,34,40.03674064518254,34.891950839866716,5.144789805315824,4.082044652787492,5.851390108946845,39.698866482558415,33.24154027718932,2.594465177120732,2.172046453484583,3.5001104002847847,5.3221517055182295,1.019801931389352
99,HT-LTF,35,41.07470471100672,35.68502412515946,5.389680585847259,4.192375576861102,5.935279881987594,40.80441152620633,34.0,2.664251263091323,2.1292547272175923,3.56561224903678,5.3989947940569225,1.0489297977773162
100,HT-LTF,36,41.26512851927293,35.852288760632355,5.4128397586405725,4.220519461405974,6.1635148116288505,41.036569057366385,34.0147027033899,2.6164718680155943,2.0989516937205224,3.5929409053250234,5.547135181052137,1.0247465286833262
101,HT-LTF,37,41.265320573764626,35.8040788720207,5.461241701743923,4.224039078461197,6.154299999676587,41.048751503547585,34.0147027033899,2.654565766891153,2.0419482474778547,3.589042378123814,5.541395564572345,1.03468694357216
102,HT-LTF,38,41.3835487604607,35.86019597445063,5.523352786010065,4.2303649879852046,6.055612208705564,41.10960958218893,34.058772731852805,2.6006423757284622,2.0082090176651803,3.5831731163190974,5.460642571176542,1.0574382647894476
103,HT-LTF,39,40.87058383548444,35.40186838268888,5.468715452795557,4.157262419096978,5.933175223796472,40.607881008493905,33.61547262794322,2.542020306637575,1.9598814537832823,3.5108663591468283,5.345967638123846,1.067532419609815
104,HT-LTF,40,40.41651323312369,35.076463381202764,5.340049851920924,4.126428697598248,5.976961194713271,40.19950248448356,33.24154027718932,2.638841458846244,1.8942739101671222,3.4724765776449997,5.365607407905538,1.0397836624071912
105,HT-LTF,41,40.65543749291557,35.393556249764174,5.261881243151393,4.1598786582753915,6.086016723242285,40.311288741492746,33.54101966249684,2.4707771782315646,1.8756975686351183,3.5265014800135055,5.449362148937232,1.0094376057184447
106,HT-LTF,42,41.45646579607141,36.21723568360228,5.23923011246913,4.227785984000894,6.219349697079887,41.14608122288197,34.36568055487916,2.629965329753013,2.0069734893509903,3.6209237935627656,5.5948474515764826,0.9852556759532334
107,HT-LTF,43,41.630462795533575,36.4196481276227,5.210814667910874,4.236063659390835,6.191058664361925,41.30375285612676,34.539832078341085,2.727540388634438,2.092541362326614,3.6357843137992525,5.583582137950236,0.9823559549045773
108,HT-LTF,44,41.034671168171016,35.973399681904546,5.06127148626647,4.182114233650458,6.177519835280011,40.80441152620633,34.132096331752024,2.6579827171949546,2.1068395842586796,3.5926360653380938,5.581518760358303,0.9594777396514674
109,HT-LTF,45,41.729339004118394,36.62497289596918,5.104366108149215,4.264707203783985,6.310361534421149,41.43669871020132,34.785054261852174,2.6606760690162474,2.168390555166482,3.671442730758803,5.687227806384492,0.9477884399892244
110,HT-LTF,46,42.45209764198457,37.35056159917214,5.101536042812434,4.3423211142092395,6.45368091328703,42.190046219457976,35.4682957019364,2.7257891150905493,2.1308946269101554,3.728006710684465,5.801311416325715,0.9275079331220725
111,HT-LTF,47,42.314332911262625,37.262504462380655,5.05182844888197,4.330425017060227,6.4036187468748,42.05948168962618,35.35533905932738,2.735197758569022,2.0348688915234305,3.7008346292518555,5.767366962617732,0.9241920839431936
112,HT-LTF,48,42.341564525209094,37.2993964005082,5.042168124700893,4.336049256141136,6.410798495172788,42.1070065428546,35.38361202590826,2.735197758569022,1.9621987309574678,3.701423098310821,5.755136080819787,0.9213404529225955
113,HT-LTF,49,41.71625212200876,36.71557505369954,5.000677068309223,4.2730890983983,6.312495600507332,41.48493702538308,34.92849839314596,2.6379120787934838,2.0996590619405993,3.6604629345321675,5.678723801172536,0.9277479159296947
114,HT-LTF,50,40.47184666076512,35.624599808102865,4.847246852662252,4.135874529757433,6.198118452225446,40.26164427839479,33.94112549695428,2.5949578007985252,2.171819684827561,3.5495331800048713,5.574990426540745,0.9199772205944512
115,HT-LTF,51,38.92982297019326,34.214430437432235,4.715392532761022,3.972027390467352,5.958210769686917,38.8329756778952,32.526911934581186,2.501803125776732,2.1254722922652576,3.414616411440045,5.3521036953633025,0.9312587604827482
116,HT-LTF,52,37.77861383688642,33.07178196740237,4.7068318694840485,3.859280857951159,5.715428283082573,37.57658845611187,31.38470965295043,2.4152553687027947,1.9744568299121923,3.3244359795868035,5.134265132646612,0.9652103888232259
117,HT-LTF,53,37.33359892558713,32.51991923393241,4.81367969165472,3.8265184779290538,5.582332823406379,37.12142238654117,31.016124838541646,2.5420333717514865,2.0,3.2883650178121666,5.021940628024645,1.0058593177185078
118,HT-LTF,54,35.916744128665506,31.13003205385615,4.786712074809355,3.7021286955814348,5.41367483313664,35.6931365951495,29.68164415931166,2.4982266605143764,1.8930329183947876,3.2170070041036185,4.88219486429246,1.0321652769418261
119,HT-LTF,55,34.73843238369963,29.92439460723689,4.81403777646274,3.605447143206707,5.283473365723062,34.48187929913333,28.42534080710379,2.3624049874427016,2.128940911357251,3.135419523786817,4.797511140160873,1.0643555211322306
120,HT-LTF,56,34.90508949894777,29.79849340610293,5.1065960928448355,3.621640082330407,5.209931462747567,34.713109915419565,28.319604517012593,2.451596317960174,2.17386132146045,3.1575123944565253,4.744138235395711,1.1381812849961954
121,HT-LTF,57,34.53936089862932,29.269389639629694,5.269971258999625,3.5829499388140564,5.115025499569857,34.36568055487916,27.784887978899608,2.3411940941445835,2.0927519058525803,3.1233686387839836,4.636127439086762,1.1933979388445346
122,HT-LTF,58,33.92243533520744,28.545105507113387,5.377329828094052,3.517133200082392,5.060806167018261,33.734255586866,27.018512172212592,2.4330851322816187,2.101195986400146,3.0688068139729316,4.589405330540993,1.2339365950137877
123,HT-LTF,59,8.509865728886048,7.319253913240448,1.1906118156455996,1.1419091443917968,1.9360746127381543,8.48528137423857,7.0,1.2451354622307633,1.5330105755656893,1.1752709427650754,1.8575651602227896,0.7490983515263298
124,HT-LTF,60,0.9005374567024661,1.026365402763468,0.125827946061002,0.6918816269816367,0.8001533782169482,1.4142135623730951,1.4142135623730951,1.4142135623730951,1.4142135623730951,0.6951489706204378,0.8301566933195869,0.16822386859757535
125,HT-LTF,61,0.7293769113357658,0.7614612971140278,0.032084385778262,0.7041797354425974,0.7087556190521128,1.4142135623730951,1.0,1.4142135623730951,1.4142135623730951,0.727833174935534,0.7654362197815051,0.04541498296024958
126,HT-LTF,62,0.6960242628890982,0.7650671300360217,0.06904286714692343,0.7097479181994255,0.7579004165450972,0.0,1.0,1.4142135623730951,1.4142135623730951,0.7179181659045644,0.8167018302881983,0.0940357916941882
127,HT-LTF,63,0.707341481913187,0.7192107603483491,0.011869278435162056,0.7063497862848698,0.7062209866396929,1.0,1.4142135623730951,1.4142135623730951,1.4142135623730951,0.7130867759440231,0.7585831339166567,0.016805215870703088
128,HT-LTF,64,0.6445906074151564,0.6411093663653945,0.003481241049761885,0.7020010910660552,0.7009854565711247,0.0,0.0,1.4142135623730951,1.4142135623730951,0.7222841593050785,0.7476782798665358,0.004962613709252071
129,HT-LTF,65,0.8014381948434655,0.8181113724731753,0.01667317762970988,0.6982736703749893,0.6953935330158627,1.4142135623730951,1.4142135623730951,1.4142135623730951,1.4142135623730951,0.7163080057138538,0.7403678612296427,0.023927006369146603
130,HT-LTF,66,1.072070636532039,1.101682777891619,0.029612141359580013,0.6020570308259733,0.5881832734679738,1.4142135623730951,1.4142135623730951,0.41421356237309515,0.0,0.5700545852327165,0.5182958308919018,0.049754876857441156
131,HT-LTF,67,1.3120607614494186,1.3364627399414095,0.024401978491990883,0.3592353877333577,0.31055522282819575,1.4142135623730951,1.4142135623730951,0.0,0.0,0.19937713116214184,0.14769904942726306,0.07267281029640163
132,HT-LTF,68,1.4081580719154638,1.4197730566173103,0.01161498470184652,0.09374572776210922,0.16530248015498486,1.4142135623730951,1.4142135623730951,0.0,0.0,0.021025329516441496,0.04443842968464358,0.08643722689604148
133,HT-LTF,69,4.00300078767619,5.49874994727839,1.4957491596022,0.9229382168748009,1.251809772222478,4.0,5.385164807134504,1.3098582948312,1.6106265752986397,0.926970127330836,1.301759866804944,1.3600972289548607
134,HT-LTF,70,15.674270699145788,21.792102812280074,6.117832113134286,2.413653897053988,3.442045696942104,15.132745950421556,21.02379604162864,1.8066944333207449,1.931712199461309,1.7461264173576043,3.2096054830887826,2.058033565213163
135,HT-LTF,71,14.718332715206323,21.696315825288696,6.9779831100823735,2.351575466944666,3.3832239695665556,14.212670403551895,20.808652046684813,1.8151383467290785,1.840329667841555,1.6691584238700576,3.1665289102388505,2.3951118578801105
136,HT-LTF,72,13.205485755000206,21.389361769922807,8.183876014922602,2.2803949932063206,3.3074977882115277,12.806248474865697,20.591260281974,1.5598759299431482,1.8240278491953887,1.5765959700502281,3.117009146222212,2.88088373953854
137,HT-LTF,73,11.74030070073354,21.240908056572984,9.500607355839444,2.1886211877765773,3.260625482168322,11.40175425099138,20.396078054371138,1.725218551685888,1.9610704874843492,1.493002888471726,3.0839154956760586,3.4213669963988247
138,HT-LTF,74,10.135973465348455,20.928225736724105,10.79225227137565,2.0511119813257204,3.239550842776685,9.848857801796104,20.024984394500787,1.5747606745972327,1.990049935186189,1.3503084020586618,3.0485169827150362,3.980545287221533
139,HT-LTF,75,8.571933239255719,20.71794885039301,12.146015611137292,1.9494547509183513,3.197810668066655,8.06225774829855,20.0,1.7752752488568992,1.854315427380655,1.2617790973300511,2.989251009894687,4.586445481054487
140,HT-LTF,76,7.069425283794898,20.677233358851794,13.607808075056896,1.8288829576301837,3.1392361644849656,6.708203932499369,19.924858845171276,1.1973473589822987,1.7823544562443665,1.1342170791797197,2.94327216676184,5.296909041712001
141,HT-LTF,77,5.657413587416624,20.910426568913422,15.253012981496799,1.7585164167559668,3.162362125011312,5.385164807134504,20.12461179749811,1.6106265752986397,1.91882286708584,1.0604198107249838,2.9843235022148824,5.961457838317505
142,HT-LTF,78,4.3686876982575225,21.455549943525085,17.08686224526756,1.6903217803999973,3.226784875318488,4.123105625617661,20.615528128088304,1.8377223398316205,1.8175763052219942,1.0210791484124186,3.03703335698881,6.633654455025271
143,HT-LTF,79,3.3260807598783986,22.24690128243615,18.92082052255775,1.5735095062380524,3.3471031781043368,3.1622776601683795,21.400934559032695,1.7639320225002102,1.8423952463147053,0.955464832508801,3.1759294319074987,7.234812555111267
144,HT-LTF,80,2.8784891560445134,23.264405867084097,20.385916711039584,1.376898686916537,3.491121670323588,2.8284271247461903,22.47220505424423,0.9262096826685897,1.9462492529492543,0.9117643576879125,3.303780244724129,7.682200172875194
145,HT-LTF,81,3.1101014392871846,24.002642420317613,20.89254098103043,1.1162005750273043,3.578022592432461,3.1622776601683795,23.08679276123039,1.3694832979641993,1.9924671232100692,0.9137792788298065,3.3891741241861686,7.883093941217102
146,HT-LTF,82,3.9933445885857783,24.697175878503618,20.70383128991784,1.0217504120689773,3.643802441151439,4.0,23.706539182259394,1.3098582948312,1.8913144361142358,1.0011232656678517,3.431474724327399,7.737041913366519
147,HT-LTF,83,5.170844410004704,25.45639279032724,20.285548380322535,1.1125777914990436,3.7623214473761837,5.0990195135927845,24.351591323771842,1.5278640450004204,1.9578929760842847,1.0584392328848728,3.5518388131814196,7.312091864801353
148,HT-LTF,84,6.515986232882351,26.31199974018399,19.796013507301637,1.217888265061058,3.897155308812137,6.4031242374328485,25.298221281347036,1.3801506560826775,1.9177593756204985,1.0971030713212162,3.6829800037677143,6.8566342618621245
149,HT-LTF,85,8.012467163753438,27.49400303110012,19.481535867346683,1.331148626428388,4.053766005574797,8.06225774829855,26.419689627245813,1.733169359071181,1.8179029995314018,1.149487300908027,3.8301046548045323,6.457183686762377
150,HT-LTF,86,9.2632887798408,27.99356927574192,18.73028049590112,1.409039538264111,4.117784890309274,9.219544457292887,26.92582403567252,1.4559962546824696,1.8375528918528623,1.1958930740380969,3.8634282296609563,6.0862751339510845
151,HT-LTF,87,10.141893199679563,27.509388784101844,17.36749558442228,1.4615396906177698,4.068867033317005,10.04987562112089,26.40075756488817,1.5660188679433968,1.8179029995314018,1.2693824878897895,3.826614059815031,5.681027572097159
152,HT-LTF,88,11.282935335720412,27.9913351328343,16.70839979711389,1.5117562999096688,4.176987409319251,11.180339887498949,26.90724809414742,1.4114487660576458,2.0,1.3422258003085124,3.9365052110066534,5.319335216563407
153,HT-LTF,89,12.55885130900748,29.132440570587452,16.573589261579972,1.596749210671542,4.344016945365579,12.529964086141668,27.85677655436824,1.6369641534067085,2.0503715352846754,1.4106013698698174,4.072439338998687,5.064317333487598
154,HT-LTF,90,13.665632454970162,29.782703357562376,16.117070902592214,1.689868532556849,4.456028793693317,13.601470508735444,28.460498941515414,1.3178210632763534,1.9507949115875647,1.5087672040036164,4.1782779830358985,4.782719108109586
155,HT-LTF,91,14.641263168722034,30.236575533781433,15.5953123650594,1.7494910966568689,4.5359343185760945,14.422205101855956,29.068883707497267,1.4046145513285513,2.011880217746249,1.570406320551895,4.271386386395034,4.536567953851818
156,HT-LTF,92,15.611861884515424,30.752481984124877,15.140620099609453,1.8198447514763432,4.642609034578921,15.524174696260024,29.5296461204668,1.4127518487812,1.8623931313054527,1.6246848137579033,4.3316877431058325,4.293967183094186
157,HT-LTF,93,17.148500429960684,32.34436148160435,15.195861051643668,1.952990746533059,4.880864366265215,17.029386365926403,31.04834939252005,1.8445055785964897,2.073724603230577,1.741358412034016,4.546681074016666,4.087848435977201
158,HT-LTF,94,18.68802829658224,33.98436835228434,15.296340055702103,2.0635736947182353,5.118849853515041,18.439088914585774,32.57299494980466,1.5087141010631093,1.8507122794060393,1.8298923928726003,4.740151579617179,3.9195005799371985
159,HT-LTF,95,19.324970630281253,34.14186768665445,14.816897056373197,2.169507951430506,5.176824520636777,19.1049731745428,32.7566787083184,1.667424643814968,2.057351467235854,1.8996890102886383,4.788375838700906,3.7331352007021597
160,HT-LTF,96,20.114473146413122,34.1924159363409,14.077942789927778,2.5536746415856064,5.267250049902625,19.924858845171276,32.89376840679705,1.5105549535455047,1.7093603608555874,2.024631551500523,4.826579336390165,3.4011650085362146
161,HT-LTF,97,20.063100791315822,33.041631957641414,12.978531166325592,2.2338459701422484,5.0250881268787815,19.849433241279208,31.78049716414141,1.5105549535455047,1.8438118331302924,1.9234055852176388,4.650721314978067,3.337630951365942
162,HT-LTF,98,21.203923469761005,34.1647475596708,12.960824089909796,2.271980451322096,5.1635941282416615,21.02379604162864,32.7566787083184,1.7079637833046242,1.884758014036347,1.9425728849096715,4.76306989205106,3.2491229114759466
163,HT-LTF,99,21.999633402027158,34.64420412778502,12.644570725757859,2.3686305366664087,5.268202570530448,21.840329667841555,33.24154027718932,1.6036209563408832,1.8650261384631008,2.0116054171800237,4.833307820037433,3.095833748441235
164,HT-LTF,100,22.532630855066135,34.62286407322539,12.090233218159252,2.415072725536026,5.344600614344456,22.20360331117452,33.24154027718932,1.7239164559025149,1.8830653385578273,2.082965253148644,4.91312890941512,2.915327149928074
165,HT-LTF,101,23.64810660368606,35.57393293270567,11.925826329019607,2.5150628512149558,5.46850618548283,23.345235059857504,34.058772731852805,1.6464085284634535,1.99225308893881,2.1648292510760414,5.057942433086197,2.802003708771693
166,HT-LTF,102,24.253275119344547,35.84418248371005,11.590907364365503,2.624475390936312,5.50703597303638,24.041630560342615,34.23448553724738,1.9132072387696084,2.018540359201893,2.244470337453821,5.069739092469564,2.6870241862268975
167,HT-LTF,103,24.257081392255298,35.28345604748623,11.026374655230935,2.6487653820327584,5.4610318163111105,24.041630560342615,33.83784863137726,1.9132072387696084,2.000866364130516,2.246699995466933,5.044599932168865,2.5691818707949734
168,HT-LTF,104,24.766508454757307,35.51614314220566,10.74963468744835,2.656875768593193,5.502648329266261,24.351591323771842,34.0,1.749304940456316,2.0224454260068967,2.268319412412896,5.084070685762382,2.487897228446832
169,HT-LTF,105,25.137481990411707,35.61496182854352,10.477479838131813,2.6771871964897422,5.533624994458925,24.839484696748443,34.132096331752024,1.9006129818030786,2.1068395842586796,2.293655737214304,5.1397673903961,2.4104212230233166
170,HT-LTF,106,25.443800301900872,35.702726725484965,10.258926423584093,2.744050995314133,5.600485496841949,25.079872407968907,34.20526275297414,1.8900363759149492,2.2353033796508868,2.3422902502495226,5.189816691657614,2.3263154703884865
171,HT-LTF,107,25.95833197623895,36.05412175400938,10.095789777770431,2.737881904197438,5.656250993877534,25.612496949731394,34.539832078341085,1.8682171051088012,2.0890118749926003,2.3376551406748387,5.224064491249214,2.2720416026596126
172,HT-LTF,108,26.36904043243152,36.18451042829873,9.815469995867208,2.763176756413492,5.64441636464849,26.076809620810597,34.66987164671943,1.820643375971656,2.077663967206277,2.325385239827216,5.1896820743613965,2.208804800135464
173,HT-LTF,109,27.436191142480894,37.231243373293296,9.795052230812402,2.888083179089914,5.817432679326494,27.073972741361768,35.510561809129406,1.7690419554304242,1.8460921072485021,2.389093483598676,5.3215450367093595,2.1328003557366535
174,HT-LTF,110,28.316637302608676,38.160028890854946,9.84339158824627,2.94305866539214,5.961014774849603,28.0178514522438,36.40054944640259,1.926027258638232,1.8343028241683967,2.429340353837796,5.435601320176906,2.0939762866379206
175,HT-LTF,111,28.612144778229357,38.31614623025024,9.704001452020883,2.9279108532462934,5.9688387834466905,28.284271247461902,36.71511950137164,1.841758906731176,1.7995008161152342,2.4285192324130196,5.445082152109969,2.064221027660396
176,HT-LTF,112,29.083331357039732,38.73382589943043,9.650494542390696,2.950649359308098,6.054155393519813,28.792360097775937,37.12142238654117,1.8753609402687736,2.023352774679651,2.494650076191827,5.535477617227383,2.0264328320025697
177,HT-LTF,113,29.0624873186522,38.50468110654699,9.44219378789479,2.98444068524293,6.030477453074006,28.653097563788805,36.87817782917155,1.9292599457213235,2.1662589596265818,2.515347506794861,5.552288168032012,1.9845665119786078
178,HT-LTF,114,28.76044990543957,37.91293444575817,9.152484540318596,3.008350772971277,5.971177457792245,28.319604517012593,36.24913792078372,1.9518219042135208,2.108479497571871,2.5141061314097572,5.502172412041642,1.935866027116379
179,HT-LTF,115,28.23181410719721,37.06445441066746,8.83264030347025,2.9357989984162143,5.832761831700696,28.0,35.4894287555329,1.8617393793236232,2.0348688915234305,2.4489343174065312,5.3784425947027446,1.9129200115121554
180,HT-LTF,116,27.824106037651894,36.37591858374173,8.551812546089835,2.895557348214299,5.753543265945946,27.459060435491963,34.88552708502482,1.815871395267088,2.287173514089261,2.4291438414901108,5.322111773801211,1.877649269045077
181,HT-LTF,117,28.382026069045622,36.939843044626365,8.557816975580742,2.946898785533312,5.863766402055069,28.071337695236398,35.38361202590826,1.9949109661354996,2.21346735902047,2.472876086967324,5.404154527790086,1.844169336735736
182,HT-LTF,118,28.686933124263092,37.16539413891169,8.478461014648595,2.9395660795205534,5.909806724254013,28.30194339616981,35.4682957019364,1.7471032975285041,2.1923623426511654,2.4665125074906062,5.441306080085682,1.8165772631909822
183,HT-LTF,119,28.82045353715994,37.12894401696346,8.30849047980352,2.9712801757648966,5.916936698877063,28.42534080710379,35.41185115962348,1.8246538914380395,2.1923623426511654,2.5193512623142307,5.474046123720326,1.7746330258104943
184,HT-LTF,120,29.52297422246091,37.82450831343117,8.301534090970257,3.073318169800305,6.02906719894845,29.120439557122072,36.124783736376884,1.8520294859964395,2.1450541895603408,2.5718608813551933,5.561589804489402,1.7348607678207524
185,HT-LTF,121,30.37325793698011,38.7333655931278,8.36010765614769,3.143240754585683,6.157632612513569,30.01666203960727,37.013511046643494,1.979465685022781,1.9970824262410005,2.6075875016831453,5.654154224292557,1.7101305527402992
186,HT-LTF,122,30.85644968998338,39.19621560432902,8.33976591434564,3.143022433949553,6.2122816161581245,30.463092423455635,37.48332962798263,1.7705238630287354,2.0181959781944983,2.601923624496582,5.704279714767283,1.6940558391510951
187,HT-LTF,123,32.0847989753541,40.495864793684326,8.41106581833023,3.3998848725439164,6.41274118597062,31.827660925679098,38.8329756778952,1.7517975907006864,1.408120990476064,2.673947950198787,5.785821619305631,1.6388265031190155
188,HT-LTF,124,33.90121767762331,42.45824543516932,8.55702775754601,3.524749727089631,6.679515174742547,33.54101966249684,40.45985664828782,1.8080393626797502,1.5758675854891493,2.786829941465713,6.020871395953706,1.6023190792005826
189,HT-LTF,125,34.859358507754855,43.26214082000571,8.402782312250856,3.585080153158537,6.829441414253274,34.48187929913333,41.14608122288197,1.814319396830534,1.931743368520813,2.8481002822306034,6.1983607117570925,1.540640361726291
190,HT-LTF,126,33.97714036476624,41.984431545994504,8.007291181228261,3.6010278071223247,6.731665710522942,33.60059523282288,39.96248240537617,1.788695280816107,1.9050180143636126,2.8320938070879667,6.1038639165721715,1.483305806833634
191,HT-LTF,127,4.271261813196784,5.239823390773039,0.9685615775762555,0.8824099083620939,1.2846152522372114,4.123105625617661,5.0,1.3944487245360109,1.4142135623730958,0.9565881479627135,1.2839122922024764,0.8788988253036978
